{
  "Tumkur Road": 944.8073962154294,
  "ORR East 1": 822.4522700819672,
  "Non-corridor": 2254.0273123292786,
  "CBD 2": 744.0858495192308,
  "ORR East 2": 627.7111078431374,
  "ORR West 1": 782.6898980654762,
  "ORR North 1": 824.1802567272726,
  "Old Madras Road": 834.0497829847909,
  "Bellary Road 2": 890.5637209542656,
  "Bellary Road 1": 1016.1279779644809,
  "Hosur Road": 865.7527162751678,
  "Bannerghata Road": 816.3763050637958,
  "ORR North 2": 817.5315434751774,
  "Magadi Road": 819.488496292517,
  "IRR(Thanisandra road)": 740.5718710526315,
  "Mysore Road": 1070.5397512337372,
  "West of Chord Road": 788.0403401340996,
  "CBD 1": 714.3905663461538,
  "Old Airport Road": 695.3784737938597,
  "Hennur Main Road": 751.5632473958334,
  "Airport New South Road": 652.1649111940299,
  "Varthur Road": 702.3535582251083
}