{
  "Tumkur Road": 232.66765822416303,
  "ORR East 1": 128.04179989754098,
  "Non-corridor": 1576.346070195796,
  "CBD 2": 52.0,
  "ORR East 2": 264.5848035650624,
  "ORR West 1": 88.4728494047619,
  "ORR North 1": 150.448785,
  "Old Madras Road": 141.51393374524716,
  "Bellary Road 2": 197.16002702286718,
  "Bellary Road 1": 307.95016784153006,
  "Hosur Road": 149.79246552013421,
  "Bannerghata Road": 112.47125853269537,
  "ORR North 2": 131.23367113475177,
  "Magadi Road": 124.97357904761905,
  "IRR(Thanisandra road)": 66.0455552631579,
  "Mysore Road": 374.5101261664424,
  "West of Chord Road": 87.37278424329502,
  "CBD 1": 13.0,
  "Old Airport Road": 54.42703366228071,
  "Hennur Main Road": 64.14335729166666,
  "Airport New South Road": 111.49895746268658,
  "Varthur Road": 54.09180854978355
}