{
  "unplanned": 70.13035221890735,
  "planned": 40.22632776664019
}