{
  "unplanned": 74.6650000401999,
  "planned": 40.95174250673599
}